id,pm2_5
id_ihxgrbq8bw,0
id_dg6s4fhiwe,0
id_f7hwwtmuzp,0
id_ioese5awdg,0
id_hdw320zpls,0
id_wnxl0jyxdm,0
id_irr46cfvrz,0
id_l3lg8y1tar,0
id_9bzncgu7ap,0
id_tq8gz80e59,0
id_gouch6j71l,0
id_gvg6pup3v5,0
id_xsyh8m7o0c,0
id_hsr9nym75x,0
id_kk2mprzws5,0
id_zztb716ruj,0
id_nc37c47azq,0
id_aq2zwrpazm,0
id_1if5noe1b4,0
id_9ch9qgghhp,0
id_i8ez1ppqtt,0
id_1gzede3sx1,0
id_c0cjjirgpf,0
id_y3cgdjsgq1,0
id_hqfk9eb7i3,0
id_heuv8vkjh4,0
id_fcoot945yi,0
id_h4j7gdpygc,0
id_0z5dftxu4p,0
id_0l3lpe7b09,0
id_q51pjcyt8q,0
id_5y5tak334a,0
id_ffpap9n3bi,0
id_wlrkf9c15k,0
id_i2rh9ih3f4,0
id_uqm3krxam7,0
id_3iwa156mvm,0
id_1lz3s1bdxs,0
id_jmqt01idjp,0
id_8gb7nw0rmx,0
id_4xwo0p10w6,0
id_m5bwlzsq1q,0
id_z4d44hh4z0,0
id_pmh6yxhfva,0
id_35d6qsok4a,0
id_77htjr9yc8,0
id_t8vdruehat,0
id_jckj5zjs3u,0
id_iaz7r7qv9z,0
id_uifln55ls5,0
id_d32frejzqm,0
id_exdub9ncvr,0
id_mxkrqowab2,0
id_y8ho5r6i9n,0
id_fiygo06opn,0
id_o3dfdr4sk8,0
id_akv54mqumg,0
id_h24kmkoube,0
id_x3hkwvtuum,0
id_w5yebgnpv0,0
id_0sqrmgfxq8,0
id_af7sxbklj4,0
id_hv5isckfyd,0
id_ghg0lmyh5v,0
id_wpckthcmjz,0
id_u8j139024n,0
id_1jadvwi51a,0
id_1gm8yzoyli,0
id_qsbblt5w3q,0
id_51h39wnp4b,0
id_ny5f2xtwmp,0
id_3dhao9xr06,0
id_wwcepeo72q,0
id_aekpxa9j8r,0
id_hlshs2v7p0,0
id_csaw4okqxs,0
id_a57xn6b266,0
id_v6zbdry3ae,0
id_mjgt3wrumc,0
id_rb71ryy76k,0
id_rzzwlgdruk,0
id_bg7hzhz9s5,0
id_9f0xa0vpm0,0
id_x19qug1u9n,0
id_neebsy7lt3,0
id_k5jc67rf2q,0
id_6vw340icrq,0
id_rpzdo2jabq,0
id_3m8w0ho783,0
id_2ziuzg6bnw,0
id_4hps6472o7,0
id_9cb9qenzw7,0
id_6rvd06xnhq,0
id_22gpyw7j4j,0
id_970drtediu,0
id_oec1w7ootb,0
id_7onpirv1s3,0
id_8rt8qfy8h4,0
id_e69vc06bss,0
id_7dv4xh47cy,0
id_vfx2x5hc15,0
id_ljvpa6cdtz,0
id_faa2v5ox7q,0
id_t6xdbl4ne4,0
id_r2fdbsyh1n,0
id_jhwi52u0q3,0
id_55pa9g9m9g,0
id_u347bmckbj,0
id_3ygrfqgttc,0
id_z7heeojpzb,0
id_utgueavnmx,0
id_h2tqqtxe1w,0
id_mrdqqwst7r,0
id_5053tusxc6,0
id_h6t5tbsidc,0
id_4fs05d28s6,0
id_qye7jwpbs8,0
id_um00ew0g1b,0
id_fzvy60mdma,0
id_l7u41q4cr9,0
id_26og4v2wx5,0
id_b0a1xu6nu0,0
id_xumsw5m3ip,0
id_3ftig6nrpk,0
id_0ejl66y98y,0
id_ph0mqd3qdu,0
id_1j21vhuakg,0
id_9b866t3kcl,0
id_gm3rhu9jak,0
id_vldjdgbudl,0
id_sg9gnw6j9a,0
id_jy6wca6oh6,0
id_lgnofy6syn,0
id_g1j9pxh5yp,0
id_xoh80ei36j,0
id_g4idr9b72i,0
id_b7cn1tm7jw,0
id_3kkfl60mdt,0
id_3cnzembvt2,0
id_qh3hmxe3vl,0
id_dm2ngicucl,0
id_0pj7rbu5pl,0
id_0b7len9grt,0
id_lkjbthp6xi,0
id_msyur8bama,0
id_r6b4lems42,0
id_tdtmvz23p5,0
id_ucg35myewu,0
id_cpu27o1708,0
id_8g3bfwtmtc,0
id_lvwrewueod,0
id_vjr52dclmq,0
id_74lpfoxs1u,0
id_51ipsqq6fi,0
id_rgv5vz1wi7,0
id_xukt8h1854,0
id_pvjuaozpis,0
id_dpstb14com,0
id_hfo34xjax3,0
id_1xcm67i57m,0
id_5w78ao9f51,0
id_wjwp5bnl95,0
id_q29d5fhap5,0
id_stpxgfh6at,0
id_lp5fau1v5t,0
id_7oxqpk7s41,0
id_4dnmn33ra3,0
id_vxnrc9eyhk,0
id_ysrrbwixap,0
id_yhfx1lpevn,0
id_c6a44pvjv8,0
id_s9f3ml14cj,0
id_d0w9c0xp76,0
id_a9fbexs6qf,0
id_9wzfhpw4et,0
id_ryi27ogtvv,0
id_l4fl7gcf91,0
id_tkvbxrgren,0
id_1wkfcd4q6t,0
id_mc88pd2apf,0
id_00iv2sgwb9,0
id_e7lfbanu92,0
id_1mdkr0dgz1,0
id_evzlq1bdq7,0
id_0fzcmep80p,0
id_dwd9xbd5ep,0
id_845jje9evg,0
id_cbrgljomk4,0
id_xadne3g2dw,0
id_fdlsm6mg2z,0
id_r1w2mcb346,0
id_1c24ja9jag,0
id_h1v0nwz453,0
id_igvjbr17my,0
id_isnin8oj7j,0
id_lts441t4ge,0
id_7k86unkgbf,0
id_xs2ivx2taa,0
id_t8pxhu1lko,0
id_cncxlihk4l,0
id_u3n972yugw,0
id_5dtltk9ol8,0
id_2d4xbl322n,0
id_6ayd3hz9lc,0
id_fhedgc4ogi,0
id_je6xyskvqt,0
id_uqplr7i3e8,0
id_p2mep9skjf,0
id_klmztpbnj0,0
id_w8masqptnv,0
id_uqe5p1fz8i,0
id_vdcliffox0,0
id_suphbrot9x,0
id_qsl9hh9hbt,0
id_yorywxet0a,0
id_9rhbkh8kye,0
id_oh2pg7ik9m,0
id_u5xtrnbshq,0
id_pfcdhqpggy,0
id_rsbolu1d8s,0
id_1o41vsdb40,0
id_bthds7exkp,0
id_u2lx4hcr19,0
id_vt2seycroc,0
id_ev3xsimi3e,0
id_8wsnxwqlaw,0
id_jhks2agjzh,0
id_abc042gxa9,0
id_t39ajz3mpo,0
id_7l7bqpd71y,0
id_k9uhbcg8zv,0
id_kf067ifyeu,0
id_6axl9l8y0y,0
id_fknkdrl6fy,0
id_8gmporna5z,0
id_a4bmoty06e,0
id_czo0d13gtz,0
id_co7jt5xego,0
id_2x6lo1wgko,0
id_9wjap2et51,0
id_c7mps6h2ft,0
id_j8yje9gqi8,0
id_vju59tgxzh,0
id_8lap7ve7md,0
id_pvs9bs83s2,0
id_qdivis4t0b,0
id_6ihg5rmjar,0
id_enahmr353n,0
id_m5la6rz5vl,0
id_lyc6fznfhn,0
id_u15ftwfcl7,0
id_mjaugtu77u,0
id_h1bl0y44h5,0
id_ixfnpr6f21,0
id_37e3n0alew,0
id_mj9599i7yu,0
id_aq1df4iqdu,0
id_2e5mcgpio6,0
id_o99bic4pl9,0
id_wee03f0g34,0
id_ebyp7dsb2j,0
id_xrw2te1q07,0
id_e1pr3nswl9,0
id_20jn6yzhpi,0
id_ef9regkoel,0
id_ja9p3oi1ln,0
id_u4t0meqqix,0
id_ha9378tgsl,0
id_sm9fmjwje3,0
id_pq1s2kq7qs,0
id_zcw88t7w9n,0
id_9gqyxg4fuy,0
id_jlbv1pe7mw,0
id_nqkrnumlsr,0
id_vwov477zro,0
id_k8t4robso6,0
id_9574e2s4iv,0
id_g6sz61x3ui,0
id_65fdu115yz,0
id_jvvhzyikro,0
id_mjtm49jd0e,0
id_qisen8bs9m,0
id_4qcwh32n38,0
id_a1jgk8addq,0
id_eoh9eceljc,0
id_c9l6rfivhx,0
id_ity62l2ixr,0
id_b1kdt1v6wk,0
id_31slek226d,0
id_r5hynclox4,0
id_1zdag4te8b,0
id_9cji7mh5kx,0
id_pgt8lf7tci,0
id_9xwjmedzm3,0
id_qmng1j2b5t,0
id_lsjhv6dlig,0
id_5ei28dib31,0
id_djt23iw3mp,0
id_m9oojav91p,0
id_oivxgblcp2,0
id_0kdvltw7vu,0
id_6w4ajmwc5u,0
id_urkooowq9s,0
id_zj9z4qj012,0
id_8ziogga8ul,0
id_3p9o92k0y8,0
id_nys5746v2q,0
id_lfeylugwfg,0
id_doohdtcpi0,0
id_gvsxbrs2ay,0
id_tazjayaiyz,0
id_zrpmkxoezw,0
id_sqmq0975df,0
id_6lcd3eygj3,0
id_7rpimassqp,0
id_63ls321ztz,0
id_tkciymn5hs,0
id_kasmldlvq9,0
id_vlpyl2jer5,0
id_5qffgu5u3n,0
id_j988bph6z4,0
id_ws4odrtze8,0
id_wtahd5vwwm,0
id_07q159o6c5,0
id_zuwn8cdmpg,0
id_h18pxnwgaz,0
id_crcf47qz6r,0
id_s0472tpnvf,0
id_4x8344brzc,0
id_f3th0516p2,0
id_rq698snr9f,0
id_bqumy9109l,0
id_sa87ndj19i,0
id_l50a8gf4z2,0
id_d22097x7wg,0
id_o0l24mamhf,0
id_u0tbd0ho1d,0
id_jh9oqt4r06,0
id_s5qjht01ct,0
id_9jvayvxhsb,0
id_2ktyalo4fo,0
id_yytme869mp,0
id_qjy6t0mvby,0
id_vqx1ryf2ik,0
id_xlf2632glg,0
id_9ryn26zoyf,0
id_0bhupilpq3,0
id_3oog4p81et,0
id_7pwsq2822m,0
id_xco3eq9ewy,0
id_86pol7d8z8,0
id_4hq1smw4qm,0
id_mwm43tu1lt,0
id_egnnmgvz1t,0
id_ql3nhnzgo7,0
id_6yei7c05s5,0
id_37ncimqtl1,0
id_faigrj26mv,0
id_b8gmnur08k,0
id_uhkuycqlqg,0
id_hda4qbl82l,0
id_l81zesfyi6,0
id_8fw0qddr4t,0
id_3swlrvxi7m,0
id_2iq9tbz4bu,0
id_l3hzf7xam7,0
id_7yfs7z6re5,0
id_3qj7edycff,0
id_zz66kjwki8,0
id_836ugfrmfn,0
id_i7eew37mck,0
id_bxqgoacauj,0
id_0804vchmvm,0
id_o41hevo885,0
id_55ynsd7iob,0
id_xmnors3b2p,0
id_i0vim21vyr,0
id_9q4vgsr3t8,0
id_nzvtf8mk2z,0
id_qxhc5b04ve,0
id_bmoknxippd,0
id_y7pq8dp4ut,0
id_7ibql8i2hn,0
id_tbkdhkji8c,0
id_2xvazzddgt,0
id_vo6tjecx2y,0
id_td1i5lcg9k,0
id_ruc95ajmux,0
id_a0at61dzen,0
id_0zn9uivt40,0
id_qlx50d8vx2,0
id_u6z7b5cbh4,0
id_qruu4eejyy,0
id_9vwonnifzw,0
id_0lnfawjnjk,0
id_31uzu5wcsr,0
id_uzija37zrh,0
id_z6s5np5auh,0
id_p084kqcwjo,0
id_qvm8ttfb1f,0
id_yzoxe0nplf,0
id_n95r9k6tql,0
id_i6gb7eojjd,0
id_rj99alu30y,0
id_qlb79248k0,0
id_5gr1418j07,0
id_mvspb7k941,0
id_w5jw7d4cs6,0
id_ksu34mhpjr,0
id_rwz1uudt8t,0
id_q22kldhur3,0
id_2ax9dk8j9y,0
id_tld5diafyf,0
id_do4asz4s0g,0
id_3alewcubl0,0
id_8zu910kppu,0
id_1s9nyk6u7a,0
id_l88880p40e,0
id_hr17wz72sy,0
id_cjj6ks4lan,0
id_16wvcdazgi,0
id_iq6jofmcl3,0
id_tdu0u91xwk,0
id_62jccue0vl,0
id_3sef84eg2u,0
id_w0f6u87fds,0
id_jwcwkcbb4n,0
id_sipbb762jx,0
id_pw524o2hj4,0
id_qlj4brmgs2,0
id_6fw4q0j9so,0
id_squdps1yn8,0
id_92ijbpy5c7,0
id_5mdgs1tb11,0
id_pq77lq5wej,0
id_46mfsuetx3,0
id_l66xs53vq0,0
id_edk0v1a8wn,0
id_nztzaid365,0
id_1k9uqfcnfq,0
id_5rcti4kobf,0
id_al1l3ahw7b,0
id_3f3rzgujod,0
id_fr4pynhbb8,0
id_rnuqsg891b,0
id_3qw0q1r8qa,0
id_o84bqle0x6,0
id_han5yb04s9,0
id_n7pgevpqei,0
id_j0aw1xyk9t,0
id_xpcbsjawvs,0
id_y8vz7smn74,0
id_xtbriixm7z,0
id_l47atvid60,0
id_gqpbs3ql9v,0
id_mohvibrck6,0
id_m2e2vhsgc5,0
id_6q2dw9x7y4,0
id_r8hora5q1m,0
id_chvslqlmkj,0
id_z8b1es3pzh,0
id_crc6ejtto8,0
id_4hw7jthh0g,0
id_rtp2qosss7,0
id_2keurz29m5,0
id_5f0tzdcdu0,0
id_6g5cbmuktq,0
id_njm4qcclts,0
id_t8gjwi01yc,0
id_dfcidlgn6x,0
id_f7whsdcam5,0
id_hga8rjdes3,0
id_32z89yhhic,0
id_pza69wztdl,0
id_ndfihwmpp8,0
id_v6uj9ttsd9,0
id_qi267vxsvl,0
id_oezislbogz,0
id_yzmptlwk5v,0
id_1wgvveqkxt,0
id_hyunf795m9,0
id_9vmusmwa1w,0
id_7set4vt1jc,0
id_xsuqw4qhef,0
id_5rb2kj08fr,0
id_hub405wg5o,0
id_1dl4uombn1,0
id_0m5pjvhhts,0
id_wh6a14b72u,0
id_2gcokul8h5,0
id_ju5045k8te,0
id_lx8g1rejy7,0
id_xdcw1447i6,0
id_c530clrtlp,0
id_7bmurid7pw,0
id_z2s38nz9hk,0
id_18o8y735s3,0
id_wcox1ibc1u,0
id_8mteyw4ej2,0
id_yhr9822dsa,0
id_kx6r0n5p65,0
id_yll8ps5xps,0
id_2ss6w9mkjs,0
id_dywpbbt1rz,0
id_2sovq337ib,0
id_hl6vkdm5f3,0
id_7rweve2gtx,0
id_qenwsj9ypf,0
id_7tr958twwi,0
id_4pss24du4u,0
id_pvxshz55hm,0
id_hwn7gj0gnq,0
id_34w3aboagp,0
id_slzxbjxpdd,0
id_s9fvyed2xl,0
id_ojo4ns7rvu,0
id_oukj9m9l5u,0
id_4dncovxwgl,0
id_lhn0wnsi4q,0
id_8qzxmyj6yo,0
id_2st0ywh4w4,0
id_32luqy63su,0
id_oew67rrlis,0
id_byzy2benp0,0
id_16qarvdtx3,0
id_uxi3qu4l8e,0
id_vy83bxfo5s,0
id_z7ibc788zq,0
id_kbkbgy18jq,0
id_4zn86s4tbi,0
id_evx591r7y6,0
id_g6ojnnx069,0
id_7zixl3q2bq,0
id_0d9a1agg6b,0
id_3xt09a0de5,0
id_jbhh44km3c,0
id_5k2iegwee6,0
id_gibzm0hke2,0
id_zl5phiqojd,0
id_c15wxxvb75,0
id_dau6fb0sfx,0
id_z9dk6h8cfb,0
id_uvaqu4nzmb,0
id_qpglm1d719,0
id_ct64dm03s8,0
id_is4l5fwjuv,0
id_vh0bwrobbe,0
id_b0mjh0b71o,0
id_0bpne8ucld,0
id_kvvjrrryc4,0
id_n5ybzqzepc,0
id_jaimxbu1pd,0
id_0l0w0orygd,0
id_lv55afmf77,0
id_9mfp6fw6w6,0
id_tafpzgg3t4,0
id_tiipv7kgu2,0
id_kwiv66i7i5,0
id_nl69sct7fu,0
id_l74jt76ryc,0
id_bxgj47nybk,0
id_923xwmt66s,0
id_aq97mswwiv,0
id_4vrb5vlcz7,0
id_xayf6v05hn,0
id_8pk1rf7oxo,0
id_sq8128da6u,0
id_8ihfuq3i8d,0
id_87jd29uf6p,0
id_4xpx2dt8ki,0
id_hqpr9h9axr,0
id_1k55ze4pps,0
id_2znei70wfr,0
id_9hhcbap87f,0
id_hey12d7qim,0
id_lh2vl46a2o,0
id_yr2wo25x72,0
id_t52himkovl,0
id_7tvjar0eff,0
id_i208pdedfj,0
id_d77mj6yxxd,0
id_jh49madd8v,0
id_cz441c0g6w,0
id_l9egn04p70,0
id_aof0geeadz,0
id_l14us4afx1,0
id_cyjw5nlwm3,0
id_gzuqpix1lm,0
id_z09r8zdwpl,0
id_avet97ghyy,0
id_8xxxnyrpzm,0
id_5mzgmww3um,0
id_8vxge8fi9v,0
id_jnw9eiv9ni,0
id_gaui5cuwn7,0
id_bk4agfxg5e,0
id_5si10x4q6c,0
id_e9emj2d53x,0
id_9llllv5i9s,0
id_mndm12zy06,0
id_2pxml96i79,0
id_oi59maxbit,0
id_tf7klyuj5c,0
id_jf1h95hidf,0
id_4njytufcfi,0
id_2zbs60m1hv,0
id_kbe0e397n3,0
id_attl7s5eit,0
id_jyqg51mks7,0
id_yvtlt4qsb5,0
id_ququ54p5qn,0
id_b3olj60ip0,0
id_ucm77r7n42,0
id_i94hu4l2he,0
id_sem18a4eih,0
id_iu4c2k0vqm,0
id_jez7q9vvpv,0
id_0g0h5fvenr,0
id_leyce5nz7b,0
id_ctiuipzphp,0
id_1uq7qu2no8,0
id_ag7p6aauq3,0
id_4v2gdi94ys,0
id_oiz391vhbb,0
id_dkh1dm7jv5,0
id_xp48k28xsx,0
id_8hzzltjopy,0
id_jxwkemji67,0
id_9e6zoef7pb,0
id_kw3reqh73r,0
id_i3soe2f356,0
id_s3sjs08z01,0
id_wgstp1qsjl,0
id_c79996j5ij,0
id_xyptp35mvl,0
id_psuhom729k,0
id_pow9jv5ucp,0
id_6wvbbh34gm,0
id_dt7c3hug70,0
id_j5p89q7hag,0
id_kc953hqc6u,0
id_lc6edh3b2s,0
id_9spkaqz73s,0
id_3htqh6ssl4,0
id_zc1ovm5htd,0
id_w7wwg1utwa,0
id_25epdpbix4,0
id_vs0hncomou,0
id_reegezw0zr,0
id_f6x16pl89y,0
id_9a8jkl3m2r,0
id_hoz5wrgxox,0
id_5ziz8chtiw,0
id_l1g99w61j0,0
id_40onwzmie5,0
id_wplsrqbqg1,0
id_8zk238knxs,0
id_0u52beiaqr,0
id_g8dmi5cj2u,0
id_qvb2pi3nbx,0
id_9ocs33mybq,0
id_le65pdwgzs,0
id_kj6oinfm9j,0
id_tiqxiw34y0,0
id_j5q5ukj913,0
id_wfsqr784ue,0
id_19yb602oya,0
id_p5abbz6sni,0
id_sj35fk9ewl,0
id_asczdnpq0c,0
id_bcoprnh1dh,0
id_4hnps4a19v,0
id_slby4mvn69,0
id_fdcwmf2mqw,0
id_pc2ol1dymd,0
id_72hn9xr2mt,0
id_ooylyenf74,0
id_7c0tvcd4mf,0
id_vo7qco3vo4,0
id_tyda8qzu9y,0
id_qjo74p50vb,0
id_qftdjlnuxo,0
id_8zkhvf7knd,0
id_zjdfiws1ze,0
id_km0396cm8u,0
id_0zb66667qv,0
id_xkul5db55f,0
id_0882wi4vll,0
id_vyjoukh7a3,0
id_mgzj7k2c88,0
id_mj68hapwjy,0
id_4k7w1huz70,0
id_cc5r73bssv,0
id_lpc3qqqc79,0
id_dgd25e5l5n,0
id_2u5h8ssj8f,0
id_qekvi0qhbi,0
id_7t5rwbvncv,0
id_wip1lfenhd,0
id_fz1zlhsz58,0
id_fzhszn9qgh,0
id_drhboq2o8f,0
id_67f2qgxjr4,0
id_c9jyqp5ts3,0
id_o5nsm6bufm,0
id_fliahadafe,0
id_ljzcxva3j0,0
id_4fg7od0p2h,0
id_r0bgionrrx,0
id_5mrclq7yja,0
id_v6ji6xpykj,0
id_gzxccfruiy,0
id_rch18sl7fq,0
id_dycgsa1kum,0
id_dh2z6cu6bu,0
id_b3ij5seund,0
id_tziu881h86,0
id_321qju313s,0
id_dngcm1ubxs,0
id_vu0rtf6isv,0
id_tzfx3hbsak,0
id_rhg9ghnbc2,0
id_9hkqfrhrxo,0
id_1s9fc94wwm,0
id_6l0a121qin,0
id_iblicy6lwk,0
id_galqj45a9w,0
id_1dg8zj0o7z,0
id_9x63i9uu20,0
id_n4mgwkvcyo,0
id_h9o1enzmn6,0
id_4utcad6z0z,0
id_faw7vd63nz,0
id_bfmddpm7dk,0
id_zsn1j1j2ex,0
id_hnknralqvw,0
id_j3s4dhvwvf,0
id_nb9skm42eu,0
id_e30vibg2cr,0
id_hr07rxuwnk,0
id_cckgjin8j4,0
id_1igqyragk7,0
id_pbbqks4896,0
id_yglxjnnnmd,0
id_akkkm90ju3,0
id_pnw5qxgci5,0
id_ed8b146zq4,0
id_dog1qrt65n,0
id_4iko2mf9m1,0
id_tf16irhnxj,0
id_z8dbvb7mld,0
id_hjojye2bnc,0
id_e74fkffny9,0
id_96r4h4wquw,0
id_n8zuiv730d,0
id_q9sf7h6id3,0
id_1ahz3wcpza,0
id_bij6rb0yyc,0
id_rj67797cdl,0
id_nfgy5cs3i7,0
id_2gg9612372,0
id_rd2ycsqjqu,0
id_yhyq4hrrvo,0
id_cugq7k2136,0
id_6ztrbzwf74,0
id_b3864dngn9,0
id_fslinj6lsz,0
id_nr59rjq353,0
id_f937o9uhz5,0
id_pdm9hc9akh,0
id_hlaacmpdc2,0
id_43l5b3qppy,0
id_nhboyjouon,0
id_e9tjlmzofe,0
id_uep5kutr80,0
id_xdu2qkcn9o,0
id_7xqj2zy62f,0
id_d3txp6ww71,0
id_kpr41h1gl2,0
id_eeu9sw0k2s,0
id_c20q8ikv7t,0
id_g8oqjuggsz,0
id_2nq4naxlui,0
id_qny2l3j2li,0
id_vvea9k8tgz,0
id_t009are3zm,0
id_uzuka63dnk,0
id_rkhciqi5gp,0
id_9qs0u03sne,0
id_beoswwa1jg,0
id_6yzetfd0jr,0
id_ip144xmrio,0
id_y1jzpsul42,0
id_irudkpu9cg,0
id_43ve2f04z8,0
id_4gby11apzd,0
id_brzm1fa82q,0
id_cikkzszzmw,0
id_93uc5zchkn,0
id_n6z1o0dpy1,0
id_r9li959sxm,0
id_om1wxt4lrr,0
id_kj1k62c4hk,0
id_x9m9yvh87r,0
id_xraq80851o,0
id_hs3bu1nmse,0
id_w183sk05qy,0
id_ctdw7mpo2o,0
id_ycnd040s0i,0
id_bhghd6qnsh,0
id_yly1mkkcmj,0
id_bhcer2s6k1,0
id_ts9g0trocv,0
id_1qto62qavh,0
id_0wajzy8ts6,0
id_wpu97wbqk7,0
id_zmyx8uismd,0
id_nlxvai48i7,0
id_dkdt1jrmsn,0
id_8kq3got9a1,0
id_lr3rz1e86g,0
id_6kzxrawpey,0
id_xwyw71ldzx,0
id_kkivrvc6dv,0
id_94wuxmw8rb,0
id_3q8sdy56bq,0
id_oc2m0zmgnw,0
id_pwx9pelurg,0
id_acjbfx8dti,0
id_eum8a3klcq,0
id_444jxq8ki8,0
id_fokwurehqu,0
id_20s8fncc9t,0
id_ifa0c3dcm4,0
id_bl23vucby8,0
id_o1949nqyfa,0
id_y3f4c5fs4z,0
id_kdox62iiap,0
id_r8f5l77m7z,0
id_6xieqd6sjk,0
id_g3poszpaqe,0
id_tv3dx937tm,0
id_kufhei9qi0,0
id_6xvj9dnlf9,0
id_977w9neez7,0
id_74zzcs47si,0
id_dkzrsecwur,0
id_fzaay03gtj,0
id_2qlkll1nti,0
id_dkxo29nkhe,0
id_8z4hu1lzg6,0
id_bketz8ikkp,0
id_qbn6ng2ro0,0
id_pa1p75uuos,0
id_hgfifx9q4q,0
id_kqxhxu0vxw,0
id_eso5h6en02,0
id_tcnlwhm6by,0
id_2jgdesoznn,0
id_q1prt1nt1v,0
id_bpey1bdu4z,0
id_0f17xoy417,0
id_benw0ms5bl,0
id_ovvvd62h5n,0
id_8w0x0v8vc8,0
id_sr7nmu5cq5,0
id_uz69dxquyc,0
id_058qup1czp,0
id_9xdm5pzodn,0
id_9xiabniu8d,0
id_e8ov3f0ec6,0
id_ztov1dasd7,0
id_u0dv0t4gc6,0
id_vaexseqp4z,0
id_5e4jtn2k5u,0
id_g1f5h70z60,0
id_ei0npa3d51,0
id_w73v97w9dd,0
id_d01h6zb0k7,0
id_hajvhq9a9k,0
id_wfej53asol,0
id_wkxp2kkhas,0
id_4nx3hdlk3f,0
id_tvruaym3ou,0
id_mdja9rpbvi,0
id_v3lg566peh,0
id_5a7one1voe,0
id_uzwhiiojkc,0
id_13zxbv2bo6,0
id_ex6nijku46,0
id_7dpkk65nit,0
id_g3bd1hun07,0
id_suwhca6van,0
id_nxc1tmyyss,0
id_eikgi2kr2q,0
id_n4o71g7yok,0
id_mpq671lkla,0
id_k8se7sutpt,0
id_i92idl2arl,0
id_5ingz959i0,0
id_bgw3i6wwpf,0
id_80ixty8tal,0
id_0a4e9fjk97,0
id_lbmmt6ea89,0
id_c3flrt1zuh,0
id_cvs2kktyxu,0
id_7mtozwwc20,0
id_dq086pe2mx,0
id_3oa251xapn,0
id_felfdwexf7,0
id_hxzxzh2uah,0
id_7e9nhjb559,0
id_yjzowwtt3y,0
id_kc77exs6rd,0
id_du9zmbgca2,0
id_j4jhp6ymgs,0
id_m5the81w7o,0
id_1s8k0qheno,0
id_b6q1wkhds2,0
id_cz225gdeoi,0
id_8lkvzskxdi,0
id_t301lndtpe,0
id_uzuzt5hcyv,0
id_6n47hvxwoz,0
id_294fhgybq2,0
id_pvdki2lfbt,0
id_5yosfti35o,0
id_tsf2ykay6m,0
id_pddkles1x0,0
id_ypzvugg3as,0
id_ol8i7nv30f,0
id_md132uwbf7,0
id_b2y24168l7,0
id_4yvwmu8cxe,0
id_tmy3b6ts38,0
id_cbq3vn3m3o,0
id_a8umfjb1ge,0
id_8oqx4hgwe7,0
id_y5f8v3s580,0
id_6kf89wa993,0
id_h7yzht6wq0,0
id_95brnbo0jo,0
id_4hb5judkxv,0
id_xun5oyhgjo,0
id_kckpnat31g,0
id_otccfrhvvi,0
id_jn6u5c5cjp,0
id_v933ue7kf5,0
id_mc2i376rld,0
id_9r05mz0idm,0
id_3wfdiqgoxw,0
id_c1n58uu252,0
id_7p5lepxj6a,0
id_lrkr587gkp,0
id_kvnb8ekvum,0
id_mqv32adp5x,0
id_20korskh6j,0
id_78f1la773c,0
id_9jtdzf7kcs,0
id_52juzapqcw,0
id_li4wcjkc21,0
id_bwle5dl0sg,0
id_7jqcpniwxn,0
id_5jbtohx3rn,0
id_odokt2hr7x,0
id_kw3winhwi7,0
id_jj9rbh612v,0
id_26j0qg7uea,0
id_ycnpcmmjh1,0
id_7vaqpmlhsv,0
id_c9cup5eoxe,0
id_rxl64ozpc8,0
id_wlrwnnkbc4,0
id_5v07yr6kc5,0
id_twzj5jj66k,0
id_72mxu4su0c,0
id_c25uc85sjo,0
id_ouv903vao3,0
id_zyln20zouy,0
id_gl5zw040r9,0
id_g8wutb862i,0
id_s8gpkg7qj6,0
id_rmsthvc1sd,0
id_ke99qjo5z4,0
id_77oq3gka82,0
id_d4rug7fs73,0
id_0q4rgwhh5j,0
id_6a84c2y7xm,0
id_6q6h59e1he,0
id_dv8a63xtc0,0
id_27ono5yevj,0
id_v2r3sg9n1j,0
id_3p8yrwj992,0
id_wk8q5ydpwc,0
id_xddq8x5dw6,0
id_sharv68cbo,0
id_98fux0thhz,0
id_ago3payk3b,0
id_2bmny3x2l9,0
id_br2ieejs8c,0
id_weseav1xhv,0
id_qwf1i3cj7r,0
id_4fdnb4eyjk,0
id_khcy0c8nrh,0
id_kjsl8ka1vy,0
id_1s4emym39i,0
id_cfswxplen7,0
id_ri3sgqw5vk,0
id_w8xmcsup55,0
id_oskrymtnrz,0
id_a5nzunklam,0
id_okj6k5qcws,0
id_ja07tx0n94,0
id_1cu5omuey9,0
id_ph274c2i2p,0
id_sx300bfhv2,0
id_xlkeen4coj,0
id_bhdjsv4g5r,0
id_doxq14mqw3,0
id_fbog8w5ysl,0
id_nf1gsgtgns,0
id_10f0mij1yf,0
id_m5e0u3d68x,0
id_x6l5iwtgrd,0
id_eyx4q4fnev,0
id_4lfxjvfjkw,0
id_32u710vh61,0
id_zsw4618nnl,0
id_tzdmb15txs,0
id_6ngwi1vl1h,0
id_cqm8i6ol8g,0
id_l7eneup5t0,0
id_sfbjw9ec2z,0
id_j7jqrbwmi0,0
id_wwdzrwgr58,0
id_kk82r8fpuh,0
id_wat59la3q6,0
id_xhxsyxysbf,0
id_actuxo4gmq,0
id_6qitjn8c8r,0
id_jdquy1lxet,0
id_g5325vgzzt,0
id_c4zrpwzc4a,0
id_t5anmg4v7v,0
id_9af0ydgl1s,0
id_9wwxdbqekl,0
id_dtzemr8b33,0
id_qye7rb9bbu,0
id_1s38ze4v8w,0
id_1doz4c69ph,0
id_18tg20wg54,0
id_mf6s46v1uw,0
id_krkw3iqkf6,0
id_tcql7qm01y,0
id_czit7flk3p,0
id_67vafahcsb,0
id_ocawwzqkj7,0
id_6hwobiyszp,0
id_3hit2vt54g,0
id_kxjx8xtw71,0
id_ujvrrf4kx0,0
id_p7m9x0qpi5,0
id_b2w6gxhazp,0
id_0glwf1vle0,0
id_h52hj66b1j,0
id_3ykb55avzl,0
id_4140yukx35,0
id_ejschtytb2,0
id_bt8l5o5bpc,0
id_01tyqteuzb,0
id_xxtlit8f06,0
id_neowy957qe,0
id_ld5ad63fk4,0
id_9wphwvxjbh,0
id_bjwf0gk35g,0
id_nk6t94cwcj,0
id_c00v9db3kd,0
id_qljfbbues6,0
id_8l8rdvtd4z,0
id_ucd95ihefb,0
id_1h25lc42la,0
id_7rkgygr8my,0
id_qrzcnk9cb7,0
id_3osclzuma1,0
id_j7yo6gfpr7,0
id_m8zu1vzawt,0
id_bjboh76f83,0
id_msmgdqfiqk,0
id_9d9nc0plgr,0
id_fnstzi3enk,0
id_3h9gnh7is5,0
id_ymoxc4wuvj,0
id_diweogvo4x,0
id_wl3mu9y4pt,0
id_cypiwo10y6,0
id_qh3anhhrlw,0
id_83z9c83r5i,0
id_s1phnl1iyl,0
id_uqoypd8y4s,0
id_e1c84vnzi4,0
id_duvrjwe7j4,0
id_cpaolr5w71,0
id_0gez5n5up3,0
id_4dxpvc7v0t,0
id_wy3b3kwp1u,0
id_kcz6mx2ftd,0
id_s2azjdfda4,0
id_7zq37bq2m9,0
id_80ps7kboqo,0
id_wdp8cocu50,0
id_gxnloqrtfy,0
id_98zx0ydmal,0
id_ikydapbjg4,0
id_x9csxregb4,0
id_x726sqebnc,0
id_embux96a8d,0
id_n3zi21eakt,0
id_cmzvbp4gp1,0
id_lh42zi0nvd,0
id_lq6ofubnzh,0
id_ak1gmocab7,0
id_j2qbzdu60r,0
id_4s7frhrx0s,0
id_swwnl6ehwx,0
id_0dzgrhmq0i,0
id_bblmv4qbuz,0
id_ns1udfi49f,0
id_3t4mu9h9h8,0
id_np2i3652hs,0
id_0m1hyk0i2t,0
id_47086vwi8b,0
id_w1v8rlefq7,0
id_p24h3f2r8x,0
id_dlxm63a09x,0
id_ri94vbx6vg,0
id_wi9j0eune9,0
id_0z2yz02gho,0
id_013dywijcw,0
id_whd8ue3507,0
id_wmd6txw3qp,0
id_2uo9nruooa,0
id_cmezkcvthd,0
id_k00w57rr6l,0
id_rm817jen6a,0
id_l2wquc1lyf,0
id_f2ayymfg06,0
id_2xwro4u4ib,0
id_s4gcy5ldea,0
id_llxl5vedjd,0
id_ra9rzjf8cs,0
id_06it7wxay5,0
id_p358wai3ar,0
id_63q6x7rc50,0
id_yrqlregvfr,0
id_6ey2mcbqfl,0
id_xz9gud04ug,0
id_upa56c1xqo,0
id_apci48cec9,0
id_ivaqozbhfz,0
id_5r9lkzxt5l,0
id_q9fyy5hlug,0
id_fia47n8arx,0
id_c8ytbvxreg,0
id_715d169b93,0
id_i41soezu3u,0
id_ghl9lkmkbc,0
id_jhwg78mhs2,0
id_mbp1opp105,0
id_tpecaex89x,0
id_gkqkcuvhn0,0
id_jl7cx8vnrz,0
id_z22ai1ufxc,0
id_cf9eqd8nio,0
id_4nvfqr7bwz,0
id_styx2evpu7,0
id_r4qfxsd6qk,0
id_6ula6jqx2d,0
id_ab11cvvhj1,0
id_lru4a7apze,0
id_1h8qiqvba3,0
id_jocn99q8x8,0
id_yqd8by9too,0
id_3vo780asu2,0
id_t8qspqxocv,0
id_fxt49fthrg,0
id_9hsvvxccfs,0
id_mdox4e1wm7,0
id_e0v37gnrdc,0
id_4higx88y8s,0
id_dzdczy4694,0
id_b9cls7es48,0
id_ii1b1vx3v6,0
id_qjkp2dhlfd,0
id_4tycdb5q0i,0
id_enssz42xj6,0
id_j2lnxkjgor,0
id_d1kz51qzme,0
id_93y706i4uo,0
id_uo33uxmu30,0
id_42uhyp7b1d,0
id_557lj2gncx,0
id_g646xm5v36,0
id_3u2zh5sctj,0
id_88m5txqfk0,0
id_636veo7myp,0
id_mw8i11x4p5,0
id_i01umxhgoi,0
id_7htzho5nfe,0
id_rqvyvvqjjo,0
id_3sw1g6ujkh,0
id_7koyjh6lyz,0
id_h33dmmxmxt,0
id_b4zqx3ey2e,0
id_rigbnum9jj,0
id_hwnk2tvpjh,0
id_3djm31ze2k,0
id_y1b1v2oco9,0
id_uiiqit3mio,0
id_qjv34s9tgs,0
id_mw1dkfs5o5,0
id_zgolsofwkv,0
id_gntve7cvte,0
id_mv1hwwypf2,0
id_66vowuru12,0
id_718x53xw5l,0
id_y5duq02fcq,0
id_nabflglwpr,0
id_m8gl9o5dbz,0
id_s0yzedmwy0,0
id_n4zpk50eng,0
id_bf0mqyujkg,0
id_db6l9ymytu,0
id_zzhsplt3ae,0
id_gxvybxvz61,0
id_2hrjgfgo5c,0
id_qnvbhvfvfh,0
id_f4j4e8toay,0
id_yh8x8izood,0
id_r9gbkhu2zs,0
id_hzuko4hsbs,0
id_4akcsf7v23,0
id_y4a4bry0za,0
id_juefa18khg,0
id_8pg965n9uh,0
id_c1qncxdk14,0
id_fxdpjby57j,0
id_maxuuv6qwy,0
id_hqp1zmq2rl,0
id_7mmcd60iqp,0
id_5f3qz4huj9,0
id_m6vn47j4ge,0
id_mkyjtq0uj7,0
id_dd1qog5gsu,0
id_yltiy4ct4b,0
id_l7g3rwiyu1,0
id_y0nex8ki95,0
id_trj4ropjy6,0
id_xkfnw0mcvh,0
id_j7zs6cpw42,0
id_o55nqbxkhg,0
id_l3neq81nk8,0
id_ft7ki0jjoc,0
id_1doie955wo,0
id_pap3jy3v7v,0
id_64zbc8ou3g,0
id_1ssvmd37d4,0
id_5i93sdabtx,0
id_5oej7jiuyx,0
id_es0jy27ww2,0
id_ze9u1sfrwl,0
id_3y84kki549,0
id_glm9sjal1a,0
id_kjp8dcqhsa,0
id_2s4n7u9qbe,0
id_57l2n9hbxk,0
id_0rmqw3hqow,0
id_uc46nrbgzu,0
id_zck6gqoy8o,0
id_kmohqwxbue,0
id_dswkvfgg96,0
id_72kefc7g3s,0
id_fsdqdwkhec,0
id_yaf7kh6asz,0
id_d3xd7t76g8,0
id_ekxnkkalys,0
id_foo1qhnhh4,0
id_4gaub27eaz,0
id_u8ysh8pwg1,0
id_zwxals7wca,0
id_qs4s1l5v79,0
id_k5fj3oay3x,0
id_3bwp89pu3m,0
id_e9eglkp5vv,0
id_t4qjrlzxns,0
id_kn8xo43og2,0
id_48859izqh3,0
id_9967xanbmk,0
id_eh3ys96anu,0
id_5bgqsh9x4k,0
id_jwouft46is,0
id_3ck9tvimgh,0
id_n6s7duali8,0
id_6kgl1almmg,0
id_gxefptsqvq,0
id_ygnr1sn381,0
id_v3y11kgwad,0
id_q2fgzp3xx3,0
id_s7k292eya7,0
id_jt2rysim4p,0
id_yn9vzuflej,0
id_362cko5nwx,0
id_d9dv3lr4k1,0
id_10un4lyvek,0
id_z0j05634v8,0
id_txhxlogsxn,0
id_18c3488pxk,0
id_la1ypixght,0
id_t9njgxp6v6,0
id_b8yn1i9rx8,0
id_o2y4vg1agv,0
id_fvx3zhir92,0
id_nfj7rfs9a1,0
id_b9q3y3r7t3,0
id_yio3jfuvmy,0
id_54qfk101o1,0
id_vox6mwiloh,0
id_u1xceey131,0
id_dxpgh1o1t3,0
id_2ujws46vir,0
id_2n7hyhtkrb,0
id_4779bmeme0,0
id_b3eztfwajg,0
id_f33f3mdfla,0
id_xkpq6na5ee,0
id_3ihace1d7c,0
id_z6wylocn17,0
id_pm68i3c3wd,0
id_trjqjao4jd,0
id_1w15d7g4ge,0
id_3aici5cdi6,0
id_kbloxrog5z,0
id_ovmpiycff0,0
id_ly3xdcti5t,0
id_qb0ptrppyi,0
id_wxb5nd3qgd,0
id_1ry1ir7o6d,0
id_6wbo7y25e7,0
id_tse3bpfaes,0
id_9n988uuhtq,0
id_nzhdqdkc5b,0
id_4gabr5bciq,0
id_dc61oe5crn,0
id_7lbdu1bryj,0
id_mhqk3070i7,0
id_thtyylis4v,0
id_5iiheoohcw,0
id_vjiqa7ykcq,0
id_638vs5aq61,0
id_6cjnt5825x,0
id_534km866kg,0
id_fzkvzetszz,0
id_uwuc9e0lop,0
id_ncfz0o03wc,0
id_1sd88o70w0,0
id_9q3xoxtkc5,0
id_9xf47hwalo,0
id_c9e6k7t8xv,0
id_60hy4zghxo,0
id_vcj2pr28k2,0
id_nik15zq29r,0
id_gbsfx2i90n,0
id_sm9wfzdrfb,0
id_wa0hhql9xd,0
id_xyicbz69wn,0
id_fzfp1gfiyc,0
id_6jd6rh3joo,0
id_hohuu1719a,0
id_45rgo61j3e,0
id_x29n2ig0by,0
id_6pqpt4bc2y,0
id_kix768jdnh,0
id_p4u0awuwyi,0
id_5pkc8dc3pp,0
id_o8g3g3fyi1,0
id_gwi1towzf6,0
id_tl446ky5so,0
id_fv0k1xke9b,0
id_17qgwq8hor,0
id_h169vb8h8d,0
id_vuv2g91m7z,0
id_o62drksqmp,0
id_uvitqz5bhf,0
id_x1v4xuet0h,0
id_jr4seoen2w,0
id_q1efjaqgq0,0
id_ji3o8np61b,0
id_vp8mci8xh0,0
id_x5f7i7wjcu,0
id_eej779rshs,0
id_l9g1xrh5vp,0
id_9qz231bbzd,0
id_3jf3q7rnyi,0
id_y2oiminmvu,0
id_kj1d4jsmhg,0
id_b9dbh7l628,0
id_qkxd74j593,0
id_f9aer27ojz,0
id_v6ovtq73uh,0
id_dha8u73072,0
id_5cdrvce6lw,0
id_05y9wpsdwc,0
id_ty03p4f7jh,0
id_4rxcuqqsqp,0
id_x8pk6xpjba,0
id_rjgh33lh9s,0
id_07eag0levd,0
id_vxesong654,0
id_14j7bt588k,0
id_f63m71zrb3,0
id_o0xatx0hcr,0
id_96xc5f8bgh,0
id_0t0yv19f1q,0
id_dih5frts8q,0
id_trmmfm32qe,0
id_hu3sq815oq,0
id_cxfmqit9ap,0
id_7izfmpd326,0
id_qd0tkswd2a,0
id_otlb3hargz,0
id_st47fowvrj,0
id_4h4pdth392,0
id_g8trb7wy8n,0
id_1wx11gvom9,0
id_rvq5ol3w4x,0
id_7sttnrbjre,0
id_pip7eoyzmk,0
id_lb56ukrqt0,0
id_0hyearkq6o,0
id_mr6v3oygt6,0
id_yzbu3830gx,0
id_94p4j6yomt,0
id_53xsefo8ab,0
id_ymuv4r55o4,0
id_nqkiglgq9k,0
id_q6e19plrfx,0
id_poxowfpijt,0
id_qgt2oyneg3,0
id_kr9teempq0,0
id_q43rzgs3e5,0
id_uk0j14fgpq,0
id_h45ejiaqqh,0
id_u08b48hrcu,0
id_jdgiv3t50o,0
id_8h5gfrz1ja,0
id_mslk5ay6w0,0
id_y3hecd28lq,0
id_9cmmjowuen,0
id_3clagfxagj,0
id_8sttc3ns1m,0
id_uv4kyh58kt,0
id_zmu5hapnm7,0
id_ybt3e2qbt8,0
id_yvdig97vvd,0
id_wbsyjlsxkt,0
id_39gbv940fx,0
id_78sb1wtf1t,0
id_o191u62lgc,0
id_na0qbpl8m9,0
id_daa5h53t2o,0
id_z1zg8tcsm5,0
id_dkvf88hlsn,0
id_qltsdtf4pb,0
id_rcnbilmlv3,0
id_rjcx3o5cyf,0
id_dcvlcfgert,0
id_jujywo4op0,0
id_dgbg639yj9,0
id_rifhty9d4h,0
id_4cz74rv8a0,0
id_rjuh3wooi0,0
id_26raoqfw3b,0
id_yleyy5sp4g,0
id_7lq42pqlpp,0
id_x2m1scwodc,0
id_fs6ppj71si,0
id_0kq8v62wnx,0
id_qrf9ul8pfd,0
id_7k9rf681ac,0
id_0urpsxojw7,0
id_oj7le10r8n,0
id_8w44b89inq,0
id_jooksgf7r5,0
id_zjwzzwzjvp,0
id_hit20lvy91,0
id_yjzrxrwvr1,0
id_ba1airy6ru,0
id_fatkzdj52m,0
id_h6j3ijc59m,0
id_r29rhi7ayb,0
id_n2328yoyny,0
id_2i3htqk8wu,0
id_y8t6iz10zy,0
id_j2xlsmt1az,0
id_zul4loljtn,0
id_5lfy1u1m5t,0
id_4r448lp054,0
id_ks3yurf69t,0
id_xlx05ev9ep,0
id_ybqhvfmvb4,0
id_osbg0v4o7k,0
id_34amm2jgt1,0
id_651jn1ycqz,0
id_bjh20jwc0s,0
id_ev56qyrn6d,0
id_8zf79ts7q8,0
id_fsat380gb4,0
id_5y6h6w77t4,0
id_ux3m69xsv5,0
id_4y4b5x6oqs,0
id_4cmqu4avth,0
id_gd9bm0av1u,0
id_wkp093zyqi,0
id_ubo7o5c61g,0
id_da2q2o7k02,0
id_sfcmtklyr8,0
id_qon3ototf6,0
id_b1pwwzubs1,0
id_idrbyq1iwo,0
id_eo5tner8f9,0
id_dsl16jenz6,0
id_v5frf00iux,0
id_tijwl63sul,0
id_4nertyfo2z,0
id_1h3y0ycsbh,0
id_5ew52k2xfs,0
id_c1hedne5tu,0
id_drxgi1b55w,0
id_b764z0tp5c,0
id_n3ksb769k6,0
id_jvruvalbrm,0
id_qv4ehj6p1w,0
id_jxdgurw8vk,0
id_2ymafuhxw9,0
id_xgqoe9srqb,0
id_swi6t9g6aj,0
id_ttjz1pj6fm,0
id_8xv38j3a4z,0
id_yrqtamezkd,0
id_dzmpo7xtkf,0
id_u98r20l7ih,0
id_15w4tm2lvc,0
id_f2rhz6xl9n,0
id_so3qn2op6b,0
id_j5evcz5irl,0
id_4hfhscd1n7,0
id_akaaqo1io1,0
id_677lexrm68,0
id_4555ud3olu,0
id_b0q1fq9sgn,0
id_lbljktjgzg,0
id_ph7h4vs00p,0
id_8k0yeqq8re,0
id_0z3pcoyibd,0
id_riellbxfqz,0
id_22067fyb6o,0
id_fcxnbnpbtq,0
id_058r7cipy5,0
id_58g26ly3b3,0
id_hfta2jdk0t,0
id_l0z16v7e6t,0
id_z696ot1p1u,0
id_ok22kq81e3,0
id_8c4sb9ee7u,0
id_j83bo3ks17,0
id_8vcb1z1tah,0
id_cfy6d3jhx7,0
id_krv1ca6cfb,0
id_3d0miob1p5,0
id_iib9ayuluh,0
id_t5k9sx5xqf,0
id_zkw0mo1z9v,0
id_sjwqgvoa6l,0
id_vzxomw7xu0,0
id_ig9ksmea4f,0
id_p70jdvpgtu,0
id_m0gtw6nh7p,0
id_i0y6y5f0km,0
id_hyf3spl0wf,0
id_rshwplefjs,0
id_3b0x2a5kdq,0
id_7d9vzan37b,0
id_1ma4lggm82,0
id_pym8ooemqb,0
id_b0ww1vi7ut,0
id_43huts58gh,0
id_ivuzjmumge,0
id_643x1kcl8a,0
id_8c62htwyf0,0
id_gbcegwehwb,0
id_hx6qnu01o7,0
id_r69gk2kevv,0
id_rfr69eoy4e,0
id_p815xbtmh2,0
id_q4htbc3mv4,0
id_3qu1qg5an9,0
id_jxt2raj564,0
id_whkxth8443,0
id_r5h0grolrb,0
id_gqz444p0t4,0
id_cm6tbu9klf,0
id_6gaw1mpb98,0
id_mi6cveknqi,0
id_hrztm9t3ga,0
id_2f9mvhe5a3,0
id_yrz4dphzc1,0
id_zngjgoo2dk,0
id_pxwxzopg5w,0
id_c40jzd2xtz,0
id_h0w3y9kfum,0
id_78loal24ig,0
id_a6zbnq2jfl,0
id_dwojdf96vz,0
id_kh8t0u2ykn,0
id_ulncgfoozq,0
id_bhaumyn0jh,0
id_75yu6r1ix8,0
id_nvx1ah4m6e,0
id_4szygx4nu4,0
id_cfhk723676,0
id_rt31sygm68,0
id_dwxwdulu8v,0
id_dclo8jsxow,0
id_u0imoqh2c1,0
id_a4d6g1lekm,0
id_cwv9ah2kuk,0
id_1583r9rcn9,0
id_55v93496t3,0
id_p6iewno0go,0
id_a3wluzck8n,0
id_tg3rfg73mm,0
id_haijdo7a8j,0
id_aukksta5ut,0
id_vwfdch92yw,0
id_vr9rjzdio6,0
id_hq9rjuwiqd,0
id_plkyx8w8df,0
id_mps4kqn7xr,0
id_ohn2jvlaqc,0
id_r2vvygjx7z,0
id_8ythlcs4u6,0
id_wgho99po2u,0
id_y9o3zgw71a,0
id_5lp79xg2n0,0
id_vni712633p,0
id_j2425ljqo0,0
id_01j3m051aq,0
id_r0n1tbsc8k,0
id_y7ffq95y6e,0
id_hajr115naf,0
id_vvmmry71u1,0
id_vp5euuu0a3,0
id_cu85lbcwzc,0
id_p83lwl7p4d,0
id_xnvv8228h2,0
id_t8sup9cci8,0
id_ryshnzfv4d,0
id_h8xe0d6wnr,0
id_y3i49rn3cl,0
id_q2e9lqyx5a,0
id_rxs1idu9rd,0
id_4oegd66w25,0
id_bb5wq93x8f,0
id_52ecm6umwm,0
id_8dwwuytb5v,0
id_zzjc7k91lz,0
id_13zklidhjm,0
id_3987oyytgm,0
id_vrhp90mg8w,0
id_qxd7crl1kv,0
id_c3yqmpgirm,0
id_m04u0g3jmm,0
id_oh231618a0,0
id_mq7wn4kpnq,0
id_1s9kt1d46m,0
id_o2jovbwixk,0
id_lbks4puqps,0
id_s12qsk2fm3,0
id_oy724ak7cq,0
id_g27rgw6pl8,0
id_uvlutbrlhh,0
id_uejyos5gh3,0
id_9hys0algtd,0
id_ga16h299c7,0
id_gxrrg3cnlc,0
id_7mz1vu7g4g,0
id_g2fmh836nu,0
id_yxk6h4ayeh,0
id_unsewqvn1a,0
id_1e0dh5jqvo,0
id_ieyz0z6h0w,0
id_t72jq7wg7f,0
id_h18rx6y3e9,0
id_70v67oh9n6,0
id_jmw9nldr1w,0
id_484spy9w6i,0
id_g65c62aekm,0
id_wv3teofdra,0
id_inx7pj1zao,0
id_ny05t5mh1p,0
id_u5tjmpvirk,0
id_svoeh6do9g,0
id_m25fiokemr,0
id_ot5b3e3mun,0
id_ssjjy0d17f,0
id_yru4k5km7g,0
id_gr9x49t37w,0
id_dmyl2a0wte,0
id_hc5646p82r,0
id_elm57z8vqj,0
id_u0fstcz8di,0
id_qttfy8k8h4,0
id_o3axo0etr3,0
id_2q9jp9vnu1,0
id_q6ms0le9xj,0
id_f93eoya8id,0
id_hueq8wmyii,0
id_lf0lyj77n1,0
id_luf77c9for,0
id_d0ssfcbe7n,0
id_qec98cuhd9,0
id_kj1jee85qf,0
id_tegcy3ymge,0
id_qtt1ub0cqr,0
id_f0n6fd1fzf,0
id_h1ar66egyc,0
id_81jnrshsul,0
id_jcg12akmp5,0
id_aq2pxbmh6f,0
id_e0qqf76fzh,0
id_wg4g9os7j0,0
id_3oodaxb9y5,0
id_kbmagd8awo,0
id_j9h3i8oh4m,0
id_hasyime9kt,0
id_sp1rci8n6i,0
id_pyl3gv21d1,0
id_qal583nrjb,0
id_0jahn21yg4,0
id_cdgc01qbv0,0
id_i6rcrq03t3,0
id_8u55jf04b4,0
id_m6pipj4ki2,0
id_gy8s836zbx,0
id_0uh4v68wol,0
id_7fcx2np47p,0
id_6wr20e0qhu,0
id_tof6i4dxr8,0
id_k9y121i3q6,0
id_ufnloy0p6l,0
id_bmbz4ag2h4,0
id_66fiqi3hb7,0
id_ao488ekn63,0
id_qa08032ux2,0
id_dksj4loxk5,0
id_xcnbk7we8b,0
id_d01xs14b12,0
id_gtbikppc9b,0
id_vexdtontsk,0
id_i2u4lru5pj,0
id_jd4dzel6u7,0
id_lpa9r07z8b,0
id_51jaijw22u,0
id_banl3q7xba,0
id_vutwngujan,0
id_8ymb5tnc39,0
id_5o92himecd,0
id_j65gxna4nx,0
id_ox2wsaw3ia,0
id_k2707sckem,0
id_mpj0lnxacc,0
id_xp21rc9wlj,0
id_95qlrnfn3m,0
id_jjc390qqbh,0
id_5q6ntj5feu,0
id_ulrzxc6or4,0
id_wyvwl4bqdu,0
id_f5b42pbalh,0
id_3piuxvnarz,0
id_ujdq27dnuy,0
id_o3842mf5fv,0
id_vt4p2wegs4,0
id_z4g1p19t95,0
id_bhmbzfmckd,0
id_lx1nwyvve4,0
id_4nsm6zzd4h,0
id_9jra8eod1e,0
id_qbc2s39kpt,0
id_hwtnn2m6nj,0
id_xmn0zn0jvp,0
id_5022yedndd,0
id_wdxog5yev9,0
id_aokky0eeqq,0
id_1929ukjz7m,0
id_6ezdibfpl6,0
id_muark7nz6q,0
id_l6s3otmx1p,0
id_evzd01c14s,0
id_h40j4g6lko,0
id_kn6e9u36j4,0
id_8j6zj2o5v3,0
id_mdql0oe5vo,0
id_0ejmzowt7c,0
id_l7koi9bqvu,0
id_zq9peruavc,0
id_w9vfge8zvy,0
id_m1u3t8z35l,0
id_2akds1jali,0
id_wejvfo8xac,0
id_wdhrtx9pfs,0
id_ss8ixmpjdu,0
id_8v78f3tzgd,0
id_1mnkwpnpkp,0
id_jxl5nffktz,0
id_k4hums63fu,0
id_cb40n09vwf,0
id_ojvdj9l7ir,0
id_8xzd5q9b2n,0
id_a2oil7cfw8,0
id_3eb707sqy9,0
id_fqpoallv5t,0
id_a0lghu0yk4,0
id_2s5h4jyu48,0
id_tfr1w48698,0
id_jw7cwte35h,0
id_4myw2ppn88,0
id_nu2j6ezn8a,0
id_1pi7rar7w0,0
id_lp1eem68uu,0
id_i59r7imuxn,0
id_jfhvjfzvfa,0
id_co08yelk6i,0
id_ozh35h3nct,0
id_cf9woqagxi,0
id_4pbhg788eu,0
id_xqnx58hv20,0
id_g7e6fyre5k,0
id_i5kwutfr3y,0
id_xl68jb742r,0
id_dcvf785h1y,0
id_n38vpdzrl5,0
id_8520840u02,0
id_27mp59yu1m,0
id_053nn3pbfz,0
id_1hkqlxmn2v,0
id_h8b77jfadh,0
id_ohfvgfke8w,0
id_i89aiadf4j,0
id_dczobb4ttq,0
id_xu9ib17loe,0
id_i9njn3noh7,0
id_90v0etup0d,0
id_9p6b0j3eu6,0
id_xbtp6hvq7f,0
id_4p48d96fhm,0
id_34ll84rx9f,0
id_xvk1eas2cj,0
id_u3byzh8on6,0
id_9mmhnd07no,0
id_tf59fmc5uk,0
id_eu8lfqr566,0
id_quspwoer1c,0
id_1udgdtpt4j,0
id_mp1wgahaac,0
id_ah05rwmnc0,0
id_99pzz5yuak,0
id_sts4gl2h3h,0
id_wkw4zd0vo6,0
id_42mzemmqf8,0
id_pfup6tmwcc,0
id_g57cpderdh,0
id_snv67pqv74,0
id_9htd0dd4o4,0
id_wvy11x9u8t,0
id_biytotjie2,0
id_xtb5hfw6bd,0
id_65l5hak91b,0
id_16p4qjzi91,0
id_fa6j0h18yu,0
id_0hpi956wos,0
id_6llaal44lz,0
id_bg7586se6s,0
id_dr24ka6xxv,0
id_zova02slaz,0
id_4aa970r08o,0
id_5v2k81ndi3,0
id_w0w2t7llmy,0
id_3v0pkvcpfh,0
id_5jyp9jh31b,0
id_s851gktvnq,0
id_0c31rjprf8,0
id_iclf8934dw,0
id_i0kzmw9707,0
id_mh8gne9yti,0
id_ztrwp444jx,0
id_7pzbvg9uxi,0
id_zyh4qgghaw,0
id_tirnjget2u,0
id_f89ptvm1ms,0
id_s5dy4d934y,0
id_0h4f1xrjyj,0
id_rbat046yjy,0
id_6o66xnm1yu,0
id_lv893wwhs3,0
id_t6381wgsi2,0
id_sgt84ewftt,0
id_hbt3rrighm,0
id_gmsjw4fd0u,0
id_rfko1do0hk,0
id_zbl8jgb2uw,0
id_1syuqnv0zf,0
id_505znfwne9,0
id_64xsijlwga,0
id_np7zxu024l,0
id_72gfwpdc4j,0
id_0cmp4g2ubt,0
id_e6wx5c307f,0
id_05luzgibct,0
id_13vd6nfqlg,0
id_dk3pcbei6n,0
id_b98ce0qkq8,0
id_dul45idm6l,0
id_t0xjo4dade,0
id_nk6tuv7y71,0
id_eg12ovcwpw,0
id_hlwwfh3qu7,0
id_kkhhupasf0,0
id_gnh3lx8tp0,0
id_k9sufsvlha,0
id_ars5keh0vw,0
id_r3gn7hnst8,0
id_asxb2wtleg,0
id_zbfwtwc0o0,0
id_y25nozzr46,0
id_hvslvvau3s,0
id_ow5f3qjobm,0
id_afzc6ul1wy,0
id_xk9bv6spi8,0
id_cd4wv6i21d,0
id_lhe7t7ml8n,0
id_atxrpetdw3,0
id_0aj1mxix9q,0
id_no5yjlcm3g,0
id_bjvx3ng7q9,0
id_uvoli7jkk3,0
id_8le9qqlixz,0
id_a3jcz7fc27,0
id_793ke4x5e5,0
id_loljxr0mo6,0
id_0v8evpy2qs,0
id_0bmqcvks9i,0
id_ug9e8wl8h0,0
id_aonmnfwfqw,0
id_9h7w4b7oww,0
id_6gxul944md,0
id_8y3pcwqv5b,0
id_6gvnwx27b9,0
id_w0zxvghizq,0
id_wmscdo85fe,0
id_xrbsdkk2c4,0
id_pcqx5u6le6,0
id_6smk5au66q,0
id_xmzhq3a015,0
id_ueml1oc6xg,0
id_tycn46bdt5,0
id_uhm4o38ksa,0
id_zz4zc4dfvr,0
id_3dps54vf0f,0
id_hp0ejuyv3t,0
id_qod41j7e0e,0
id_4s4s9ljllh,0
id_8vmswwvy31,0
id_hgbeyzbqa9,0
id_9eazgq4i93,0
id_15tfvndhja,0
id_akw3lvhlr6,0
id_pdrnzevlv5,0
id_k786vuzcmw,0
id_ii36qck65t,0
id_luo9wejxo5,0
id_dv7y922sze,0
id_zcs5e5jjv3,0
id_nl1ahmmrsk,0
id_n2j1w4zr7n,0
id_edhr3ruhca,0
id_gqpsd6uict,0
id_qowgzlfn74,0
id_qs2l2xtdjm,0
id_4lrdvrygkh,0
id_auybt6kold,0
id_ufe7g778jt,0
id_7324fwd9hf,0
id_sn73v8vz1i,0
id_ojcp5cpvj0,0
id_op1s93i84z,0
id_io2lx9odns,0
id_06zbl7jtc1,0
id_1ttiqk66yv,0
id_4pt0caxqat,0
id_ws58vo2yzn,0
id_tce3ozp394,0
id_q7t9b05o1s,0
id_awrm3qdtbv,0
id_la85j0outl,0
id_i6yqhfapf6,0
id_snwy8kzkae,0
id_6v79axy48w,0
id_4t3anhqio5,0
id_q74mccdm81,0
id_ikn6e0mpzz,0
id_v8txb18kd0,0
id_audlh8gjcf,0
id_zfs5kudqv5,0
id_rz81mldmne,0
id_h4oa84i9r6,0
id_htkc980daf,0
id_66wzrdbk8j,0
id_p8oxssnqa5,0
id_thd2r3g438,0
id_8ac2fo3bzi,0
id_9ukm2znbos,0
id_vq9e0a0452,0
id_8ao6r0by2m,0
id_hgrtbz1nsy,0
id_7dyx4tphmb,0
id_int2pnz27d,0
id_1gi9fmazsp,0
id_5dhzpnfsc8,0
id_olg30s5x5y,0
id_t5523jtnh4,0
id_vqcahchrt6,0
id_fk1sa9hbwa,0
id_ok160agwht,0
id_xu17k53yq5,0
id_xmzcqauw3k,0
id_aour5rgxfv,0
id_nujzd9pafg,0
id_icrv4paofp,0
id_9yatzebc2c,0
id_gtjn6hxle0,0
id_m6f7hnj4t0,0
id_1v1fi85h14,0
id_7sp5685ieu,0
id_liqr0uwqrd,0
id_03lwil97qb,0
id_b3j3fd3rmh,0
id_sifhxybxky,0
id_hz8r2su7q1,0
id_idsihhjz6g,0
id_o866qvk74p,0
id_0u1n7gtyxp,0
id_lyrsajp3xp,0
id_bzccsloevv,0
id_9c9z014n0r,0
id_0che20octp,0
id_8lyeumoumq,0
id_9wiy3lc33n,0
id_9a78zekrny,0
id_59yb1kfkkt,0
id_5qugn6f0n4,0
id_ch556d7iza,0
id_yljh4w9iu6,0
id_cngpsdvk41,0
id_cpc394pksr,0
id_9e8yludv11,0
id_wmvjf8lqx7,0
id_fxa58eejly,0
id_lrnh9ds8zh,0
id_14c1s7ewjb,0
id_8h35d7as03,0
id_pirch232ad,0
id_l2k4cwt2y4,0
id_bv77jcdr0q,0
id_fdqc1chspp,0
id_62ln78y7zw,0
id_r6uupiy606,0
id_pkr851vgsb,0
id_5dt20d24kt,0
id_14iduc4f9l,0
id_s0oyk7nplc,0
id_ohoxj2ghjr,0
id_lx42qav5js,0
id_7y4q699t9l,0
id_dp3acipvh6,0
id_t5pefcc5b8,0
id_lpt30pg4he,0
id_3t6sgybjdl,0
id_9n0a6kx46d,0
id_slvqhia6kd,0
id_8ulyzkbx2b,0
id_jo0fplisra,0
id_dy11ridu3w,0
id_3qf6thp1zq,0
id_irq21mxj78,0
id_w2cuumaw3w,0
id_nwr2vpkoe7,0
id_u3ih52igtc,0
id_o1esa8wsif,0
id_gwxneemm8m,0
id_mktr6ix79w,0
id_2ptvfeal81,0
id_elkdukvihq,0
id_qwk4cugilm,0
id_1oz3u6pwhi,0
id_y0xvef09vq,0
id_23gmc7gsmv,0
id_r0m6c354qj,0
id_r0sqad4l78,0
id_ghdqd5jsd3,0
id_x8bwqtepbs,0
id_ya5dvzycq5,0
id_9wue1vw0je,0
id_cv0ocjo7yc,0
id_tembu3gfxi,0
id_jtuteue33p,0
id_lzg90mlb1v,0
id_z5sz4wfbb3,0
id_po61337o0p,0
id_u3ds0qs0ja,0
id_ux2weabz73,0
id_8ew9nnhjzb,0
id_lpk5vf71ew,0
id_haz6ywphnk,0
id_7r1kfjjh14,0
id_663tkhfuc6,0
id_z9c1h7fnjj,0
id_9dx037ij0q,0
id_f67k2oy6ky,0
id_cphmkwhhm1,0
id_jhqjrinix0,0
id_n5se9alz2t,0
id_lcbe5mxkum,0
id_4fe6r13wal,0
id_ijzj8r2su1,0
id_msz2inba0v,0
id_qd11jjsx2b,0
id_b47e89k3ve,0
id_7mb9t9x9tu,0
id_mvbhi84jmq,0
id_3yqqem9nei,0
id_ivvauoj9x9,0
id_3jy613lg44,0
id_m91x6rqccu,0
id_8q076jp0mr,0
id_4zcmj012is,0
id_kpjiqdh6zr,0
id_dfajl055xn,0
id_frm2rh8uv4,0
id_yo72un0uym,0
id_wa7g7cyrfb,0
id_c0600luvkg,0
id_55u72g0c0l,0
id_efc4gex2lq,0
id_cdwfcwcj48,0
id_yc1gty3xqz,0
id_867am351jy,0
id_sf4b9w2jdc,0
id_vsa8h55f8i,0
id_ovpfocbku2,0
id_xbgzqf0szs,0
id_15v5x12fo2,0
id_gxgs0b70cv,0
id_g13m7fp2dp,0
id_cav3ox8jtj,0
id_vhu174dncs,0
id_o6tcsfwljz,0
id_98jqgum8n2,0
id_m9og9r3r2y,0
id_abn9ddpwtj,0
id_4zxljdntpc,0
id_y6howqrmjh,0
id_5ke4foxu8k,0
id_hjqgkm27l3,0
id_f5i3m6wxqj,0
id_j8hsu09w89,0
id_czurwxut83,0
id_prz1am7w85,0
id_8bkmhgqh7f,0
id_yz3ljcsheb,0
id_ss72nbk35w,0
id_gix31lwz9r,0
id_n5jqluy02q,0
id_vsz8smmdv3,0
id_hg0e7skz0t,0
id_esawyovxf1,0
id_hc62abtu6k,0
id_r8r0rkheji,0
id_xlindtdnz2,0
id_lnjrpbezhk,0
id_mgtu4ilbfd,0
id_5xqaypkkvs,0
id_w3so8j4bv7,0
id_7w1zp8cjcn,0
id_67uys7wrv4,0
id_r17gddig0j,0
id_e3vuqck2h6,0
id_fhszavu8ax,0
id_luamixbkgq,0
id_kqm2f56xwc,0
id_zyxetqm6wu,0
id_dz8pj6oclh,0
id_adeyv5o4f7,0
id_fz6qqj1h1a,0
id_n87wj2ambh,0
id_f70k3emlx3,0
id_vgoievdbtz,0
id_zh20dby41t,0
id_8bvi6lu9pe,0
id_q160zgg9me,0
id_4626is4jb1,0
id_yb12y6lzfu,0
id_q28sbilqoc,0
id_tum04j3i0k,0
id_rmvr6nrclw,0
id_htvqxawa72,0
id_fz1uc4v5j0,0
id_7b5p3b0df6,0
id_2g79ep4pkj,0
id_iqortjdma0,0
id_le8f4g0pzu,0
id_ekpzp4t5c4,0
id_gesmljsvjr,0
id_psei1suku6,0
id_hqwm0196vz,0
id_69rxifzt35,0
id_4o96zxaznr,0
id_3wrfo6380m,0
id_1fty7ttimn,0
id_c57ji3ham6,0
id_wvw6k6vp72,0
id_0p1s7vp852,0
id_b52rchktoy,0
id_xgf7g7nfe7,0
id_sm7nxaxevr,0
id_pyl58w1gtb,0
id_nqbx4rommx,0
id_19wzlmlzng,0
id_z1hdqiwyma,0
id_5mgd2i895h,0
id_60a72t2cay,0
id_a66evs0aqw,0
id_iuiyr65rvv,0
id_eaknqbzf77,0
id_stb9gc066l,0
id_qaykme2vjm,0
id_dt2xwaz5io,0
id_733wbi020k,0
id_m1jmaidc1m,0
id_iq7tgns55s,0
id_fyy6i6j06h,0
id_anv4htdeo8,0
id_f1xdbych81,0
id_vjajvq9znt,0
id_sqcw91cgln,0
id_w0kn8lsfm6,0
id_d0y2cmg99p,0
id_c0lde7ws35,0
id_nkpuzearf0,0
id_dny7wqpwsi,0
id_mut5ylxif1,0
id_6v6apoias7,0
id_aanbewd75e,0
id_g3wrkoouk4,0
id_nwndwrpf8o,0
id_21ug002h0q,0
id_pd01tyg62p,0
id_wcb0ckggc7,0
id_3xfe9y6qy2,0
id_sg7nyshurw,0
id_fl01fpudeo,0
id_oz6t207lje,0
id_yq2em36nu1,0
id_fe0mlkkqtt,0
id_1lzokw7hi1,0
id_1pgeidv7p1,0
id_lbrv1ljzfv,0
id_ws4vk1maeh,0
id_lkjm5o21jg,0
id_esgom4jjh0,0
id_5wgz7hxu3q,0
id_ce45fi3i9r,0
id_e0fmjam36n,0
id_t9gpc6cl08,0
id_4e0oh24nij,0
id_wcvcujkjfa,0
id_959hw03dsc,0
id_mfcbkrkwil,0
id_it7jxzllrd,0
id_8stz7b6m3b,0
id_6w3q8g9iws,0
id_w0ee2fe65l,0
id_fhgz7wzae3,0
id_w2rchmas4e,0
id_jmo9wtwu8m,0
id_uerluxmuy9,0
id_22yl0qw8q4,0
id_a9oc6x2g72,0
id_qbhgqc4yet,0
id_rn6vcvicw5,0
id_ytcdi9ix3q,0
id_qzfdep9u3c,0
id_33pv489fe5,0
id_u1gjjizqyk,0
id_w4rf4iv383,0
id_3zb1zekfcs,0
id_ertzpococf,0
id_y6ouxkmf0e,0
id_q4dvl9exoc,0
id_imi2dyvmxc,0
id_8flbm45nba,0
id_0d93zxtus4,0
id_xfxo3cb3tu,0
id_h8j2nrpseq,0
id_4gw4m9unp9,0
id_8lqfepep8r,0
id_lbql83v1pa,0
id_18r3kupks1,0
id_bz3fcm9azs,0
id_vxwc5l36hb,0
id_1m3ayw8orl,0
id_n7s22ti3u0,0
id_7ml18gt65i,0
id_pu8pv7gwz2,0
id_ru43es0zjg,0
id_n2y5dyb90j,0
id_v6dywtd3ti,0
id_gpm9b55dkf,0
id_envkemqd97,0
id_rm0pa4kk4k,0
id_s1qxkd8ot0,0
id_bwv1d5pcax,0
id_cvbktrmvyp,0
id_k4zxmef1ve,0
id_61jelkjb5z,0
id_0zwlyfwhg4,0
id_pipj3ap8ak,0
id_84xzjh13pi,0
id_zxct0q3dqx,0
id_5vji53n55u,0
id_7mup88cw2n,0
id_fomq0iryjd,0
id_5mq14kf61k,0
id_6tfrbtojwh,0
id_p1syd1j82p,0
id_2efu8wsf0t,0
id_nf6oaj6hmc,0
id_6szo04nr0p,0
id_k3zqwshvxx,0
id_xb9tzd4tni,0
id_1g1133mxj0,0
id_l51e1wtruw,0
id_qgc87e79ko,0
id_2efd5sv0eu,0
id_93di8172pi,0
id_b8vvdmeitn,0
id_ci6fg1tigr,0
id_c1zgt77fyu,0
id_78t3asrjbf,0
id_6oanpv3bs7,0
id_zdhxor1yx9,0
id_hjug95reos,0
id_q5y6b2vxi5,0
id_lmmep6vt6f,0
id_ur485xrowj,0
id_yh8jpakk4u,0
id_xfom70rd8q,0
id_cx4og6dawq,0
id_bxqjc4lu8q,0
id_dfkdged93h,0
id_wpc07nnnn9,0
id_3w6yxmo14o,0
id_9xhx7zdwqp,0
id_fkcu4ryvmb,0
id_iydvhqnjpg,0
id_xfd5bd6mbb,0
id_pnfc3lxqxw,0
id_2fi5bq6vwj,0
id_6viyil1331,0
id_5gwjmv15on,0
id_76bk0rtwtl,0
id_f60ku7tfev,0
id_h191utquex,0
id_wi04z29d3r,0
id_fbntyg7wwr,0
id_v3zrqsqzxo,0
id_bw1b95righ,0
id_zp9ylpq5fk,0
id_t0g20s1n6l,0
id_dktjg2pt79,0
id_mik9bcfz5g,0
id_t7ahyyqmpl,0
id_mu6p2nd1yv,0
id_lff5hw3ol2,0
id_eccaetzkfx,0
id_z5lh6tnhu3,0
id_vg90abt8lg,0
id_b4kmym2z2e,0
id_a4bm9lp96l,0
id_ph0f1whio6,0
id_bn4murbtsb,0
id_mbkfsw8xc9,0
id_e2ybasubxp,0
id_6i3ti67p9g,0
id_bec40ri158,0
id_zacj6i063v,0
id_lol7o2igta,0
id_m2m6u5m8oo,0
id_g8kpxolorf,0
id_w57cuionsw,0
id_64x7iknxnp,0
id_umk48ombht,0
id_w8cmk8r8vv,0
id_vj0wx6wbs5,0
id_w7sma8wi3u,0
id_oqmb5rhi5m,0
id_i4y106oe8m,0
id_biglgqqok3,0
id_6026c6cyn7,0
id_ixvjw5pg83,0
id_w6kanjj090,0
id_qy2xteqn7k,0
id_6oi09e06us,0
id_37za3uvuvh,0
id_e1rym2u84c,0
id_85pjz4b5rl,0
id_ohyxbff88h,0
id_dz40i4pbqo,0
id_kfb0js1w3k,0
id_z6dnfzl23b,0
id_jkeoakg1zs,0
id_jvc6j31d7r,0
id_tp5jxexuje,0
id_dkv9vzan2j,0
id_21jsagai52,0
id_5j5wrd0r76,0
id_hafhcdf5fe,0
id_ng9duxlksi,0
id_1mrr0piel6,0
id_8dlgnof1yt,0
id_ayhykhxv08,0
id_5veb3455kk,0
id_0gw6p17v8i,0
id_h21k3oibhu,0
id_onax36r19z,0
id_kf6alfal6l,0
id_rgm4q6o0n2,0
id_051ag5i4ha,0
id_03ajztlcgf,0
id_h1gdh0ctos,0
id_wea0tzo38s,0
id_d77c6v7xlq,0
id_o5czlw27eu,0
id_z3b6rgvygb,0
id_iwwln55ll9,0
id_ctyaqjhqq3,0
id_bk5kqdpcvl,0
id_lcaeji5kvm,0
id_4iuroyo095,0
id_hwhg2nzcn7,0
id_zfyyzm0tfl,0
id_aks304uagg,0
id_5muf55bxe7,0
id_or8005ins6,0
id_5p0q5jonr0,0
id_qjskvygs4l,0
id_u5iqw2tz8v,0
id_gckh1uiy17,0
id_8uh4onl5v8,0
id_46wh4sy9gi,0
id_zd5wtd5tmi,0
id_8tax5ieqth,0
id_ouo0ii1gd9,0
id_ofkcbq4gav,0
id_yak2zy4o8d,0
id_lmj3zlydl1,0
id_r5cm1bhxkl,0
id_0zbo52y2xz,0
id_obd90peb73,0
id_yubp5ipspp,0
id_q44cbuudsn,0
id_kav1f2lb2r,0
id_gxbkwk0iez,0
id_ek9x8hre7u,0
id_r871vcfbl4,0
id_35iwrmt1yx,0
id_mgt3ob9nni,0
id_ata3d9u9ij,0
id_389jy0txmq,0
id_oaaxhllgnf,0
id_fpoz5ozfg7,0
id_hygp8jfsb2,0
id_tgmi1f70mf,0
id_8xhlkfw0vd,0
id_n02h09aa2y,0
id_vcfstyofl7,0
id_jjreek4wj9,0
id_x7op0k35jb,0
id_m0rro9r1gv,0
id_9ky9s3jqyp,0
id_ohpg2cpkpk,0
id_s13clcy2o7,0
id_2h4f3oh33x,0
id_lzsgsz7nuf,0
id_gnfl6qhq2v,0
id_izavvighqu,0
id_5mk7jbh470,0
id_y78kz2lj7d,0
id_r0jik026d1,0
id_4l552ar61j,0
id_yog4iw8i1o,0
id_pv5p2rds8o,0
id_1k5akrmzgv,0
id_ks7ucfmf06,0
id_15cuw1it4j,0
id_kfgdu8dkqk,0
id_aa4sqe4emy,0
id_zytuipkh4s,0
id_753xfgjvu9,0
id_lpvtn9w0zv,0
id_7asrrizo0g,0
id_8bwlfohvu1,0
id_1hy6gjm6kl,0
id_qsf30wtdhv,0
id_1uv0ibuczo,0
id_80csjj6d48,0
id_n1g3zkow2a,0
id_qjt5kb3u6x,0
id_6e8d5kqq5q,0
id_wvhdr0r7th,0
id_x5r3svy996,0
id_o9ggz31qgu,0
id_gv60syhrk2,0
id_g3j3o1t4sz,0
id_laabpazmxh,0
id_eho4ay6smw,0
id_w8nvwfcpmm,0
id_btnsop89b3,0
id_0w6dn0yvk6,0
id_gpznwpt7ys,0
id_z23dyz3slb,0
id_2ojx7eu8qw,0
id_98t8cdz765,0
id_8f9m9dleze,0
id_oeaawvliom,0
id_ov5yh9unz0,0
id_syrmc724fl,0
id_wsfou7xddv,0
id_gdrcof729w,0
id_yyeq995o40,0
id_mhj0m6vsoz,0
id_d51371db4v,0
id_nrt1xvsex3,0
id_e0e2p1877w,0
id_ezhbu5sh62,0
id_c4pskc8s76,0
id_r0ufs02ezc,0
id_hk47qerjv3,0
id_8qq33hqkxq,0
id_w1qz8bdksu,0
id_n74jn7d5ct,0
id_b2yadnldic,0
id_484yc688bf,0
id_5w25kqbc16,0
id_9n8atixf1w,0
id_5f8seqeob8,0
id_h0d3gkad49,0
id_g7kvipny30,0
id_hmwh1yqafb,0
id_xjzlyzcmgj,0
id_inhwqwpuun,0
id_wsm8a53caa,0
id_r9mlk12372,0
id_oisa8d97gd,0
id_6ab55sm71v,0
id_too46nmh07,0
id_r5m6g5ftw3,0
id_g6vqehwv9h,0
id_na1dwva2t9,0
id_nr83m898q4,0
id_588qh1lkgp,0
id_1k70mcdia8,0
id_4kvsbq5i01,0
id_u90ok9v1g2,0
id_f7jhr0tzyj,0
id_496ds7trwi,0
id_rjedrxh5ol,0
id_iznxqqg86k,0
id_r2nitpoo6n,0
id_ako3197fah,0
id_nprrbmfek0,0
id_bmxffkemr6,0
id_w7doelm7x4,0
id_8z87l1y49i,0
id_ebkjvn720n,0
id_tc14hgelz9,0
id_a574b55rgm,0
id_dz6m95a6g7,0
id_wei7m8hy0n,0
id_hj9g1ena8l,0
id_hxkqt31oj0,0
id_j9xr0ullvp,0
id_dhxexr0nl8,0
id_thyiz3erhs,0
id_vfer04eoj5,0
id_dtjlkdb6na,0
id_wjevf26x7g,0
id_js2e45rmts,0
id_h4sopez1xq,0
id_tli2tt2lre,0
id_nml7r1ihuo,0
id_ny3rzr8dw4,0
id_dgyrdg3c7c,0
id_5xl1ofkel7,0
id_s9z5qdtsok,0
id_wzznck6hr2,0
id_2jrs4cf50t,0
id_zr9i8iyl05,0
id_ywr3489vgm,0
id_40yosi6uqe,0
id_hvj85b4s27,0
id_ve7iodkk5x,0
id_prcsjcgmvr,0
id_urporbfca8,0
id_hnh9veqj44,0
id_66ujv86e23,0
id_op00lvkxjn,0
id_0h1a9dhuum,0
id_ng6gkjkewg,0
id_u3q353kzgc,0
id_ykfovbo3gm,0
id_k2wnuw9gop,0
id_n742fvx1ah,0
id_ecz5hhz0iz,0
id_t3tupepv7y,0
id_touyxi6cd9,0
id_fv0z5li929,0
id_1rbmh121yv,0
id_jxivfqw95m,0
id_c99mmbda9h,0
id_amvzqnr8uh,0
id_vd8i2z3hob,0
id_sq6qs6ygpd,0
id_grfpl7lzzm,0
id_rqzxw5tozc,0
id_74zv2ut2b5,0
id_je1zddxbcz,0
id_p1lsa0r1uy,0
id_466f3sjyaa,0
id_6bji5k248v,0
id_xmf644v3gg,0
id_7ww556yt1z,0
id_1kv2mm53gl,0
id_gogfzwk8d6,0
id_4ijyknjpyw,0
id_51yb1ejvyp,0
id_e8kgwianqu,0
id_01xma9jtcq,0
id_b4c2qvjsq9,0
id_kkxio9kyth,0
id_eo46mly8qt,0
id_x6q1xzuux5,0
id_o9paw0x3kv,0
id_rmptreswq4,0
id_t3b2vd5gaq,0
id_1ccceino2g,0
id_pkszxukfw8,0
id_irjroluzw5,0
id_41oiry183k,0
id_cfcgnt1ghb,0
id_sjd7rg1oll,0
id_364xgx2f9d,0
id_fy2bmhco3s,0
id_axh2ddc911,0
id_29vkc8fnf2,0
id_4ohuy386ux,0
id_ny7vfafssc,0
id_is7lidy1mf,0
id_3gzqnrpvj1,0
id_tgs79jz18s,0
id_1vuxj43b5t,0
id_0li1v5bnou,0
id_2rkm63c28h,0
id_u4ue41ptfe,0
id_hqm9ncx8e0,0
id_nm7ygb4b3l,0
id_jh45q5uczs,0
id_8wae60vl8s,0
id_oew1wkaotf,0
id_2blz0nu3gr,0
id_8561e57ms1,0
id_6l2yazaml7,0
id_u8x5imye5i,0
id_3n4fcuig6s,0
id_63yqksu7g8,0
id_vr7oawtyr7,0
id_hucimtkqcs,0
id_en1o2lrl13,0
id_7unrf37lps,0
id_airjz9ye97,0
id_scnvuwxqzg,0
id_e660aintu0,0
id_xp5zllo7bm,0
id_9vmhojq424,0
id_1qhlpx2pcm,0
id_qedyi4kq32,0
id_vyxdm338eq,0
id_g2ct966v3a,0
id_npft5kn5zd,0
id_d9roa39323,0
id_7jxotkoa6i,0
id_io83k3isds,0
id_0phnbrqgvq,0
id_8fhskk4v0o,0
id_jmark42lrd,0
id_4uoyxutrk9,0
id_z3ne71faqd,0
id_3lsi6od9kk,0
id_wnmtya2xe4,0
id_kxpxubm2ks,0
id_jr62xr6pn0,0
id_i1ndfhbqh8,0
id_xbzzfn775f,0
id_2jgxgek3pp,0
id_cz0j93tjn1,0
id_ibjyuosq7h,0
id_qdj44e8qxy,0
id_pr6ybzbo04,0
id_6is3wqphrp,0
id_a19c8qy624,0
id_fccl3r4vhn,0
id_lpadx9ljyn,0
id_yrlxid7w5f,0
id_iyelznc712,0
id_d4zyhlrp7i,0
id_yamlzhxpzl,0
id_69z3k5udxl,0
id_250ilall7a,0
id_5oh31qlbqd,0
id_g0pt3qxex9,0
id_wecofpgirx,0
id_srbbfyzb4y,0
id_9dwlszpc6f,0
id_rx1c8t309y,0
id_ihc33303cp,0
id_efyw9jlc2d,0
id_r4qda17kgf,0
id_ztkiuvq97m,0
id_57vj6lphyj,0
id_1a219llt0x,0
id_7dum8n5jfs,0
id_mprnfw8jby,0
id_4kwyl8vwk1,0
id_hkd5b8lkry,0
id_ugse3zoarv,0
id_2mihn0ik0d,0
id_eq3nj1bw4i,0
id_eztbfv2vvq,0
id_j822qt24o8,0
id_nyc1n6dupk,0
id_5rfy4jo9id,0
id_z30ciw3guv,0
id_cikel8zc0d,0
id_pn6ira1t7j,0
id_etyxjytmkl,0
id_vk4ybuoyry,0
id_qm010ay0yb,0
id_ufglp9d8e6,0
id_vfxihvxog9,0
id_gx87k11mh3,0
id_5yblexf7zp,0
id_c9cycuvetl,0
id_8xu1ardxni,0
id_aumy97t1iu,0
id_cv1dq53hzh,0
